{"cameraMode":{"drawMode":0,"name":"Shaded","section":"Shading Mode"},"sceneLighting":true,"audioPlay":false,"sceneViewState":{"m_AlwaysRefresh":false,"showFog":true,"showSkybox":true,"showFlares":true,"showImageEffects":true,"showParticleSystems":true,"showVisualEffectGraphs":true,"m_FxEnabled":true},"in2DMode":false,"pivot":{"x":433.780029296875,"y":391.8607177734375,"z":-168.4747314453125},"rotation":{"x":-0.007186573930084705,"y":0.012378383427858353,"z":0.0004939732025377452,"w":1.0000337362289429},"size":556.9375610351563,"orthographic":false}